<?xml version="1.0" encoding="UTF-8"?>
<plugin_manifest xmlns="http://www.elgg.org/plugin_manifest/1.8">
	<name>CKEditor</name>
	<id>ckeditor</id>
	<author>Lorea developers and core developers</author>
	<version>1.9</version>
	<category>bundled</category>
	<category>enhancement</category>
	<description>Integrates the popular rich text editor CKEditor.</description>
	<website>http://lorea.org/</website>
	<copyright>See COPYRIGHT.txt</copyright>
	<license>GNU General Public License version 2</license>
	<requires>
		<type>elgg_release</type>
		<version>1.9</version>
	</requires>
	<conflicts>
		<type>plugin</type>
		<name>tinymce</name>
	</conflicts>
	<activate_on_install>true</activate_on_install>
</plugin_manifest>
