<?xml version="1.0" encoding="UTF-8"?>
<plugin_manifest xmlns="http://www.elgg.org/plugin_manifest/1.8">
	<name>Tag Cloud</name>
	<id>tagcloud</id>
	<author>Core Developers</author>
	<version>1.9</version>
	<category>bundled</category>
	<category>widget</category>
	<description>Tag cloud related functionality</description>
	<website>http://elgg.org/</website>
	<copyright>See COPYRIGHT.txt</copyright>
	<license>GNU General Public License version 2</license>
	<requires>
		<type>elgg_release</type>
		<version>1.9</version>
	</requires>
</plugin_manifest>
