<?xml version="1.0" encoding="UTF-8"?>
<plugin_manifest xmlns="http://www.elgg.org/plugin_manifest/1.8">
	<name>Site Notifications</name>
	<id>site_notifications</id>
	<author>Core developers</author>
	<version>1.9</version>
	<category>bundled</category>
	<category>communication</category>
	<description>Internal site notifications. See README for more details.</description>
	<website>http://www.elgg.org/</website>
	<copyright>See COPYRIGHT.txt</copyright>
	<license>GNU General Public License version 2</license>
	<requires>
		<type>elgg_release</type>
		<version>1.9</version>
	</requires>
</plugin_manifest>
