<?xml version="1.0" encoding="UTF-8"?>
<plugin_manifest xmlns="http://www.elgg.org/plugin_manifest/1.8">
	<name>Web services</name>
	<id>web_services</id>
	<author>Core developers</author>
	<version>1.9</version>
	<description>Provides a framework for building RPC web services.</description>
	<website>http://www.elgg.org/</website>
	<copyright>(C) Elgg Foundation 2013</copyright>
	<license>GNU General Public License version 2</license>

	<requires>
		<type>elgg_release</type>
		<version>1.9</version>
	</requires>

	<category>web_services</category>
	<category>bundled</category>

</plugin_manifest>
